{
    "Alice": {
        "permissions": ["PRINT", "QUEUE","TOP_QUEUE", "RESTART", "READ_CONFIG", "SET_CONFIG", "STOP", "PRINT", "STATUS"]
    },
    "Bob": {
        "permissions": ["STOP", "START", "RESTART", "STATUS", "READ_CONFIG", "SET_CONFIG"]
    },
    "Cecilia": {
        "permissions": ["PRINT", "RESTART", "QUEUE", "TOP_QUEUE"]
    },
    "David": {
        "permissions": ["PRINT", "QUEUE"]
    },
    "Erica": {
        "permissions": ["PRINT", "QUEUE"]
    },
    "Fred": {
        "permissions": ["PRINT", "QUEUE"]
    },
    "George": {
        "permissions": ["PRINT", "QUEUE"]
    }
}